<beans xmlns="http://www.springframework.org/schema/beans"
	xmlns:xsi="http://www.w3.org/2001/XMLSchema-instance" xmlns:context="http://www.springframework.org/schema/context"
	xsi:schemaLocation="http://www.springframework.org/schema/beans
        http://www.springframework.org/schema/beans/spring-beans-3.0.xsd
        http://www.springframework.org/schema/context
        http://www.springframework.org/schema/context/spring-context-3.0.xsd">

	<context:component-scan base-package="com.demo" />

	<bean class="org.springframework.web.servlet.mvc.annotation.DefaultAnnotationHandlerMapping" />
	<bean class="org.springframework.web.servlet.mvc.annotation.AnnotationMethodHandlerAdapter" />

	<!-- 配置Freemarker属性文件路径 -->
	<bean id="freemarkerConfiguration" class="org.springframework.beans.factory.config.PropertiesFactoryBean">
		<property name="location" value="classpath:conf/freemarker.properties" />
	</bean>
	<!-- 配置freeMarker模板加载地址 -->
	<bean id="freemarkerConfig" class="org.springframework.web.servlet.view.freemarker.FreeMarkerConfigurer">
		<!-- 视图解析器在/WEB-INF/ftl/路径下扫描视图文件 -->
		<property name="templateLoaderPath" value="/WEB-INF/ftl/" />
		<property name="freemarkerVariables">
			<map>
				<entry key="xml_escape" value-ref="fmXmlEscape" />
			</map>
		</property>
	</bean>
	<bean id="fmXmlEscape" class="freemarker.template.utility.XmlEscape" />
	<!-- 配置freeMarker视图解析器 -->
	<bean id="freemakerViewResolver" class="org.springframework.web.servlet.view.freemarker.FreeMarkerViewResolver">
		<property name="viewClass" value="org.springframework.web.servlet.view.freemarker.FreeMarkerView" />
		<!-- 扫描路径內所有以ftl結尾的文件 -->
		<property name="viewNames">
			<array>
				<value>*.ftl</value>
			</array>
		</property>
		<property name="contentType" value="text/html; charset=UTF-8" />
		<property name="exposeRequestAttributes" value="true" />
		<property name="exposeSessionAttributes" value="true" />
		<property name="exposeSpringMacroHelpers" value="true" />
		<property name="requestContextAttribute" value="request" />
		<!-- 给视图解析器配置优先級，你可以给之前jsp视图解析器的值配为2 -->
		<property name="order" value="1" />
	</bean>

</beans>
