<?xml version="1.0" encoding="UTF-8"?>
<beans xmlns="http://www.springframework.org/schema/beans"  
       xmlns:xsi="http://www.w3.org/2001/XMLSchema-instance"  
       xmlns:p="http://www.springframework.org/schema/p"  
       xmlns:tx="http://www.springframework.org/schema/tx"  
       xmlns:aop="http://www.springframework.org/schema/aop"  
       xmlns:context="http://www.springframework.org/schema/context"  
       xsi:schemaLocation="http://www.springframework.org/schema/beans  
       http://www.springframework.org/schema/beans/spring-beans-3.0.xsd  
       http://www.springframework.org/schema/tx  
       http://www.springframework.org/schema/tx/spring-tx-3.0.xsd  
       http://www.springframework.org/schema/aop  
       http://www.springframework.org/schema/aop/spring-aop-3.0.xsd  
       http://www.springframework.org/schema/context  
       http://www.springframework.org/schema/context/spring-context-2.5.xsd"  
       default-init-method="init">
                        
    <!-- 引入jdbc配置文件 -->  
    <context:property-placeholder location="classpath:jdbc.properties" />  
      
    <!--创建jdbc数据源 -->  
    <bean id="dataSource" class="org.apache.commons.dbcp.BasicDataSource" destroy-method="close">  
        <property name="driverClassName" value="${driver}" />  
        <property name="url" value="${url}" />  
        <property name="username" value="${username}" />  
        <property name="password" value="${password}" />  
    </bean>  
   
    <!-- 创建SqlSessionFactory，同时指定数据源 -->  
    <bean id="sqlSessionFactory" class="org.mybatis.spring.SqlSessionFactoryBean">  
        <property name="dataSource" ref="dataSource" />  
        <!-- 配置sql映射文件所在位置  注意：默认与mapper类位置相同   -->  
        <property name="mapperLocations" value="classpath:sqlmap/*.xml" />  
    </bean>  
   
    <!-- 配置事务管理器，全注解声明式事务  -->  
    <bean id="transactionManager" class="org.springframework.jdbc.datasource.DataSourceTransactionManager">  
        <property name="dataSource" ref="dataSource" />  
    </bean>  
    <tx:annotation-driven transaction-manager="transactionManager" />  
     
    <!-- Mapper接口所在包名，Spring会自动查找其下的Mapper -->  
    <bean class="org.mybatis.spring.mapper.MapperScannerConfigurer">  
        <property name="basePackage" value="com.xieke.test.mapper" />  
        <property name="sqlSessionFactoryBeanName" value="sqlSessionFactory" />  
        <!-- 默认情况下会自动注入id=sqlSessionFactory的bean，也可以按上述方式指定sqlSessionFactory -->  
    </bean>  

</beans>